{
  "_c1": [
    -6.7294987,
    4.9664142
  ],
  "_c2": [
    -7.0903741,
    3.4796887
  ],
  "_c3": [
    -5.1324592,
    2.660597
  ],
  "_c4": [
    -5.3632414,
    1.8997982
  ],
  "_c5": [
    -5.3757152,
    2.1470148
  ],
  "_c6": [
    -5.3301935,
    1.6143748
  ],
  "_c7": [
    -4.7822402,
    1.8687283
  ],
  "_c8": [
    -4.3112877,
    1.804251
  ],
  "_c9": [
    -4.071361,
    1.68373
  ],
  "_c10": [
    -4.1424756,
    1.8986267
  ],
  "_c11": [
    -4.0405259,
    2.0330067
  ],
  "_c12": [
    -3.7245377,
    2.1598611
  ],
  "_c13": [
    -3.264576,
    2.3908666
  ],
  "_c14": [
    -3.2223453,
    2.433236
  ],
  "_c15": [
    -3.2634838,
    2.1603562
  ],
  "_c16": [
    -3.2192115,
    2.1257583
  ],
  "_c17": [
    -3.2021869,
    2.5667622
  ],
  "_c18": [
    -3.1475037,
    2.0997268
  ],
  "_c19": [
    -3.4599173,
    2.1175937
  ],
  "_c20": [
    -4.1021017,
    2.0762789
  ],
  "_c21": [
    -4.3112405,
    2.0531319
  ],
  "_c22": [
    -4.0998883,
    2.0917938
  ],
  "_c23": [
    -3.6149732,
    2.0032581
  ],
  "_c24": [
    -3.8222981,
    1.9506229
  ],
  "_c25": [
    -3.795567,
    1.9584021
  ],
  "_c26": [
    -3.6908174,
    1.9668383
  ],
  "_c27": [
    -3.5424851,
    1.9415705
  ],
  "_c28": [
    -3.6316648,
    1.9646785
  ],
  "_c29": [
    -3.5871118,
    1.8668972
  ],
  "_c30": [
    -3.4522153,
    1.8702576
  ],
  "_c31": [
    -4.074752,
    1.862162
  ],
  "_c32": [
    -4.137454,
    2.0632647
  ],
  "_c33": [
    -4.0596621,
    1.9411096
  ],
  "_c34": [
    -3.6266463,
    1.9310911
  ],
  "_c35": [
    -2.8294709,
    1.8902011
  ],
  "_c36": [
    -3.5858662,
    1.8344719
  ],
  "_c37": [
    -4.0034009,
    1.721037
  ],
  "_c38": [
    -3.9007239,
    1.6193009
  ],
  "_c39": [
    -3.3253292,
    1.5838243
  ],
  "_c40": [
    -3.9110931,
    1.6135332
  ],
  "_c41": [
    -4.8624432,
    1.6003003
  ],
  "_c42": [
    -4.7102681,
    1.6290253
  ],
  "_c43": [
    -4.238206,
    1.9094171
  ],
  "_c44": [
    -4.2479357,
    1.4639054
  ],
  "_c45": [
    -3.8927817,
    1.5743154
  ],
  "_c46": [
    -3.1359496,
    1.5367255
  ],
  "_c47": [
    -3.0100917,
    1.7531018
  ],
  "_c48": [
    -2.9518917,
    1.6130151
  ],
  "_c49": [
    -3.1790571,
    1.5249605
  ],
  "_c50": [
    -3.4346997,
    1.518558
  ],
  "_c51": [
    -3.2435546,
    1.7237147
  ],
  "_c52": [
    -3.1847895,
    2.01083
  ],
  "_c53": [
    -3.2049952,
    2.2446936
  ],
  "_c54": [
    -3.2982423,
    2.3218288
  ],
  "_c55": [
    -3.1828446,
    2.3148718
  ],
  "_c56": [
    -3.1191348,
    2.3313995
  ],
  "_c57": [
    -3.1322611,
    2.3148302
  ],
  "_c58": [
    -3.2630806,
    2.1654538
  ],
  "_c59": [
    -4.0393168,
    1.9565594
  ],
  "_c60": [
    -4.2750366,
    2.1020668
  ],
  "_c61": [
    -3.9420415,
    2.1482104
  ],
  "_c62": [
    -3.7741892,
    2.1189173
  ],
  "_c63": [
    -3.9655059,
    2.0377493
  ],
  "_c64": [
    -4.2753339,
    1.9914664
  ],
  "_c65": [
    -4.0059776,
    2.0010931
  ],
  "_c66": [
    -3.01589,
    1.9671515
  ],
  "_c67": [
    -2.6625521,
    1.8619448
  ],
  "_c68": [
    -2.877228,
    1.7395333
  ],
  "_c69": [
    -2.9865481,
    1.6135791
  ],
  "_c70": [
    -2.8793224,
    1.5187846
  ],
  "_c71": [
    -2.7151453,
    1.4396798
  ],
  "_c72": [
    -2.6235346,
    1.6916075
  ],
  "_c73": [
    -2.4703009,
    1.9726253
  ],
  "_c74": [
    -2.1337404,
    1.8264849
  ],
  "_c75": [
    -1.9863325,
    1.5329315
  ],
  "_c76": [
    -2.2182942,
    1.5110082
  ],
  "_c77": [
    -2.449467,
    1.8348545
  ],
  "_c78": [
    -2.6624586,
    2.0508222
  ],
  "_c79": [
    -2.8088536,
    2.0379966
  ],
  "_c80": [
    -2.8724661,
    1.7736018
  ],
  "_c81": [
    -2.8676527,
    1.6152924
  ],
  "_c82": [
    -2.8127518,
    1.7256453
  ],
  "_c83": [
    -2.7143838,
    2.2100626
  ],
  "_c84": [
    -2.5832347,
    2.4154315
  ],
  "_c85": [
    -2.4471303,
    2.6481224
  ],
  "_c86": [
    -2.4349978,
    2.7348561
  ],
  "_c87": [
    -2.7269236,
    2.6803758
  ],
  "_c88": [
    -2.932931,
    2.5134884
  ],
  "_c89": [
    -3.0221297,
    2.3942933
  ],
  "_c90": [
    -2.9356801,
    2.3146068
  ],
  "_c91": [
    -2.8197188,
    2.5053988
  ],
  "_c92": [
    -2.7362329,
    2.539237
  ],
  "_c93": [
    -2.7366691,
    2.443274
  ],
  "_c94": [
    -3.1447293,
    2.5302014
  ],
  "_c95": [
    -3.2585025,
    2.8701469
  ],
  "_c96": [
    -3.2138933,
    2.9537738
  ],
  "_c97": [
    -3.3642969,
    2.6632165
  ],
  "_c98": [
    -3.3240152,
    2.4607266
  ],
  "_c99": [
    -3.1609757,
    2.3928849
  ],
  "_c100": [
    -2.9301062,
    2.8800888
  ],
  "_c101": [
    -2.6621695,
    2.942679
  ],
  "_c102": [
    -2.6349502,
    2.8367674
  ],
  "_c103": [
    -2.6347679,
    2.8206159
  ],
  "_c104": [
    -2.5916626,
    2.9401538
  ],
  "_c105": [
    -2.4464764,
    2.6857256
  ],
  "_c106": [
    -2.2341747,
    2.9593237
  ],
  "_c107": [
    -2.4314027,
    2.8955722
  ],
  "_c108": [
    -2.6816037,
    2.6048232
  ],
  "_c109": [
    -2.8647064,
    2.478775
  ],
  "_c110": [
    -3.4156562,
    2.5133282
  ],
  "_c111": [
    -3.4976237,
    2.5998917
  ],
  "_c112": [
    -3.0912823,
    2.9371519
  ],
  "_c113": [
    -2.6085103,
    2.9505222
  ],
  "_c114": [
    -2.3832037,
    2.8308516
  ],
  "_c115": [
    -2.6788827,
    2.8617811
  ],
  "_c116": [
    -3.305661,
    2.8287754
  ],
  "_c117": [
    -3.17959,
    2.7028567
  ],
  "_c118": [
    -3.311559,
    2.5384372
  ],
  "_c119": [
    -3.5015552,
    2.6802031
  ],
  "_c120": [
    -4.0072121,
    2.7640174
  ],
  "_c121": [
    -4.1995626,
    2.8397101
  ],
  "_c122": [
    -3.3356775,
    2.7145483
  ],
  "_c123": [
    -3.1276028,
    2.8695417
  ],
  "_c124": [
    -3.0425319,
    3.0523766
  ],
  "_c125": [
    -3.1161769,
    3.1418084
  ],
  "_c126": [
    -3.9723196,
    3.2151351
  ],
  "_c127": [
    -4.7540569,
    3.1987902
  ],
  "_c128": [
    -4.2900157,
    3.0861373
  ],
  "_c129": [
    -3.8024689,
    3.1571566
  ],
  "_c130": [
    -4.0146424,
    3.0370783
  ],
  "_c131": [
    -3.9717152,
    2.9609691
  ],
  "_c132": [
    -4.1670404,
    3.0076062
  ],
  "_c133": [
    -4.5575762,
    2.8546803
  ],
  "_c134": [
    -4.5304884,
    2.9123944
  ],
  "_c135": [
    -4.5632696,
    2.9376849
  ],
  "_c136": [
    -5.1500997,
    3.3514369
  ],
  "_c137": [
    -4.8804596,
    3.4325185
  ],
  "_c138": [
    -5.4961075,
    3.5794483
  ],
  "_c139": [
    -5.8808898,
    4.4259762
  ],
  "_c140": [
    -6.0922269,
    7.4021031
  ]
}